Ticket,Entry Time,Exit Time,Direction,Entry Price,Exit Price,Profit USD,Profit Pips,Result,Exit Reason,Fuzzy Conf,Trajectory Pred,Peak Profit,Regime,Session
1000000,2025-10-01 07:30:00,2025-10-01 08:30:00,BUY,3858.74,3862.6,3.86,38.6,WIN,fuzzy_exit,1.000,0.00,6.86,ranging,London (Prime)
1000001,2025-10-01 12:15:00,2025-10-01 13:15:00,BUY,3885.93,3886.3,0.37,3.7,WIN,fuzzy_exit,1.000,0.00,2.91,ranging,London (Prime)
1000002,2025-10-02 01:15:00,2025-10-02 02:30:00,BUY,3859.89,3860.61,0.72,7.2,WIN,fuzzy_exit,1.000,0.00,5.67,ranging,Sydney-Tokyo (TEST MODE)
1000003,2025-10-03 06:15:00,2025-10-03 07:45:00,BUY,3839.79,3843.81,4.02,40.2,WIN,fuzzy_exit,0.900,0.00,5.55,ranging,Tokyo-London Transition
1000004,2025-10-03 12:00:00,2025-10-03 13:15:00,BUY,3860.56,3863.13,2.57,25.7,WIN,fuzzy_exit,1.000,0.00,4.67,ranging,London (Prime)
1000005,2025-10-03 20:45:00,2025-10-03 21:45:00,BUY,3881.84,3885.73,3.89,38.9,WIN,fuzzy_exit,1.000,0.00,6.33,ranging,Sydney-Tokyo (TEST MODE)
1000006,2025-10-06 04:45:00,2025-10-06 05:45:00,BUY,3917.78,3920.85,3.07,30.7,WIN,fuzzy_exit,1.000,0.00,6.01,ranging,Tokyo-London Transition
1000007,2025-10-06 07:30:00,2025-10-06 11:15:00,BUY,3939.72,3943.57,3.85,38.5,WIN,fuzzy_exit,1.000,7.35,7.35,ranging,London (Prime)
1000008,2025-10-06 13:00:00,2025-10-06 13:45:00,BUY,3938.51,3942.07,3.56,35.6,WIN,fuzzy_exit,1.000,0.00,8.05,ranging,NY Early
1000009,2025-10-06 15:45:00,2025-10-06 17:30:00,BUY,3933.92,3955.4440069962793,21.52,215.2,WIN,take_profit,0.000,0.00,21.52,ranging,Late NY (TEST MODE)
1000010,2025-10-06 18:45:00,2025-10-07 01:30:00,BUY,3962.3,3963.69,1.39,13.9,WIN,fuzzy_exit,1.000,10.67,10.67,ranging,Sydney-Tokyo (TEST MODE)
1000011,2025-10-07 06:15:00,2025-10-07 08:00:00,BUY,3963.27,3965.39,2.12,21.2,WIN,fuzzy_exit,1.000,0.00,12.42,ranging,Tokyo-London Transition
1000012,2025-10-07 11:15:00,2025-10-07 11:45:00,BUY,3950.43,3951.21,0.78,7.8,WIN,fuzzy_exit,0.800,0.00,2.00,ranging,London (Prime)
1000013,2025-10-07 19:15:00,2025-10-07 20:45:00,BUY,3969.23,3980.66,11.43,114.3,WIN,fuzzy_exit,1.000,0.00,16.92,ranging,Sydney-Tokyo (TEST MODE)
1000014,2025-10-08 07:00:00,2025-10-08 08:30:00,BUY,4019.49,4035.4820311973217,15.99,159.9,WIN,take_profit,0.000,0.00,15.99,ranging,London (Prime)
1000015,2025-10-08 12:30:00,2025-10-08 17:30:00,BUY,4040.21,4042.09,1.88,18.8,WIN,fuzzy_exit,1.000,4.34,8.87,ranging,London (Prime)
1000016,2025-10-08 21:15:00,2025-10-09 01:30:00,BUY,4048.26,4022.47,-25.79,-257.9,LOSS,max_loss,0.000,0.00,1.52,ranging,Sydney-Tokyo (TEST MODE)
1000017,2025-10-09 03:00:00,2025-10-09 03:45:00,BUY,4018.57,4022.92,4.35,43.5,WIN,fuzzy_exit,1.000,0.00,8.40,ranging,Tokyo-London Transition
1000018,2025-10-09 17:00:00,2025-10-09 19:30:00,BUY,4023.58,3986.23,-37.35,-373.5,LOSS,max_loss,0.000,0.00,1.50,ranging,Sydney-Tokyo (TEST MODE)
1000019,2025-10-10 01:00:00,2025-10-10 04:00:00,BUY,3968.42,3984.65,16.23,162.3,WIN,fuzzy_exit,1.000,22.36,24.13,ranging,Sydney-Tokyo (TEST MODE)
1000020,2025-10-10 06:30:00,2025-10-10 09:00:00,BUY,3964.45,3970.96,6.51,65.1,WIN,fuzzy_exit,1.000,0.00,10.16,ranging,Tokyo-London Transition
1000021,2025-10-10 10:45:00,2025-10-10 12:00:00,BUY,3971.91,3998.0013027940045,26.09,260.9,WIN,take_profit,0.000,0.00,26.09,ranging,London (Prime)
1000022,2025-10-10 14:45:00,2025-10-10 18:00:00,BUY,3986.9,4011.3853190703085,24.49,244.9,WIN,take_profit,0.000,0.00,24.49,ranging,NY Early
1000023,2025-10-13 01:15:00,2025-10-13 03:45:00,BUY,4039.82,4043.54,3.72,37.2,WIN,fuzzy_exit,1.000,0.00,17.12,ranging,Sydney-Tokyo (TEST MODE)
1000024,2025-10-13 05:00:00,2025-10-13 06:45:00,BUY,4049.68,4051.88,2.20,22.0,WIN,fuzzy_exit,1.000,0.00,4.95,ranging,Tokyo-London Transition
1000025,2025-10-13 08:00:00,2025-10-13 08:45:00,BUY,4062.85,4063.34,0.49,4.9,WIN,fuzzy_exit,1.000,0.00,12.49,ranging,London (Prime)
1000026,2025-10-13 12:15:00,2025-10-13 14:30:00,BUY,4071.44,4077.04,5.60,56.0,WIN,fuzzy_exit,1.000,0.00,10.34,ranging,London (Prime)
1000027,2025-10-13 18:45:00,2025-10-13 19:30:00,BUY,4104.75,4105.85,1.10,11.0,WIN,fuzzy_exit,0.800,0.00,10.79,ranging,Sydney-Tokyo (TEST MODE)
1000028,2025-10-13 20:45:00,2025-10-14 01:15:00,BUY,4103.43,4108.75,5.32,53.2,WIN,fuzzy_exit,1.000,9.23,9.23,ranging,Sydney-Tokyo (TEST MODE)
1000029,2025-10-14 04:00:00,2025-10-14 05:45:00,BUY,4140.28,4145.7,5.42,54.2,WIN,fuzzy_exit,0.900,0.00,6.90,ranging,Tokyo-London Transition
1000030,2025-10-14 08:00:00,2025-10-14 08:30:00,BUY,4176.47,4119.66,-56.81,-568.1,LOSS,max_loss,0.000,0.00,2.54,ranging,London (Prime)
1000031,2025-10-14 15:30:00,2025-10-14 16:15:00,BUY,4109.42,4110.12,0.70,7.0,WIN,fuzzy_exit,1.000,0.00,3.35,ranging,Late NY (TEST MODE)
1000032,2025-10-15 01:00:00,2025-10-15 02:45:00,BUY,4160.4,4161.29,0.89,8.9,WIN,fuzzy_exit,1.000,0.00,4.73,ranging,Sydney-Tokyo (TEST MODE)
1000033,2025-10-15 06:00:00,2025-10-15 07:00:00,BUY,4183.38,4184.89,1.51,15.1,WIN,fuzzy_exit,1.000,0.00,3.37,ranging,Tokyo-London Transition
1000034,2025-10-15 08:15:00,2025-10-15 11:15:00,BUY,4192.56,4217.854199373147,25.29,252.9,WIN,take_profit,0.000,0.00,25.29,ranging,London (Prime)
1000035,2025-10-15 12:30:00,2025-10-15 14:30:00,BUY,4192.6,4198.01,5.41,54.1,WIN,fuzzy_exit,1.000,0.00,9.89,ranging,London (Prime)
1000036,2025-10-15 15:45:00,2025-10-15 16:45:00,BUY,4190.66,4192.18,1.52,15.2,WIN,fuzzy_exit,1.000,0.00,4.68,ranging,Late NY (TEST MODE)
1000037,2025-10-16 02:30:00,2025-10-16 03:45:00,BUY,4207.97,4210.36,2.39,23.9,WIN,fuzzy_exit,1.000,0.00,14.94,ranging,Sydney-Tokyo (TEST MODE)
1000038,2025-10-16 05:30:00,2025-10-16 06:00:00,BUY,4235.88,4238.19,2.31,23.1,WIN,fuzzy_exit,0.800,0.00,3.61,ranging,Tokyo-London Transition
1000039,2025-10-16 08:00:00,2025-10-16 10:30:00,BUY,4226.82,4230.3,3.48,34.8,WIN,fuzzy_exit,1.000,0.00,6.65,ranging,London (Prime)
1000040,2025-10-16 12:00:00,2025-10-16 13:15:00,BUY,4229.91,4237.56,7.65,76.5,WIN,fuzzy_exit,0.900,0.00,9.43,ranging,London (Prime)
1000041,2025-10-16 19:00:00,2025-10-16 21:00:00,BUY,4278.58,4284.63,6.05,60.5,WIN,fuzzy_exit,1.000,0.00,15.09,ranging,Sydney-Tokyo (TEST MODE)
1000042,2025-10-16 22:45:00,2025-10-17 01:00:00,BUY,4307.05,4339.726578096331,32.68,326.8,WIN,take_profit,0.000,0.00,32.68,ranging,Sydney-Tokyo (TEST MODE)
1000043,2025-10-17 04:30:00,2025-10-17 05:45:00,BUY,4290.24,4346.42677275319,56.19,561.9,WIN,take_profit,0.000,0.00,56.19,ranging,Tokyo-London Transition
1000044,2025-10-17 07:15:00,2025-10-17 08:00:00,BUY,4358.36,4367.61,9.25,92.5,WIN,fuzzy_exit,1.000,0.00,17.87,ranging,London (Prime)
1000045,2025-10-17 09:30:00,2025-10-17 10:15:00,BUY,4363.96,4338.75,-25.21,-252.1,LOSS,max_loss,0.000,0.00,0.00,ranging,London (Prime)
1000046,2025-10-17 12:00:00,2025-10-17 14:30:00,BUY,4341.77,4307.39,-34.38,-343.8,LOSS,max_loss,0.000,0.00,0.00,ranging,London (Prime)
1000047,2025-10-20 02:45:00,2025-10-20 08:45:00,BUY,4237.6,4239.65,2.05,20.5,WIN,fuzzy_exit,1.000,17.32,29.03,ranging,Sydney-Tokyo (TEST MODE)
1000048,2025-10-20 10:00:00,2025-10-20 10:45:00,BUY,4254.48,4254.97,0.49,4.9,WIN,fuzzy_exit,1.000,0.00,4.68,ranging,London (Prime)
1000049,2025-10-20 12:00:00,2025-10-20 13:00:00,BUY,4252.75,4253.76,1.01,10.1,WIN,fuzzy_exit,1.000,0.00,7.83,ranging,London (Prime)
1000050,2025-10-20 14:45:00,2025-10-20 15:30:00,BUY,4279.1,4307.133602070597,28.03,280.3,WIN,take_profit,0.000,0.00,28.03,ranging,NY Early
1000051,2025-10-20 18:15:00,2025-10-20 20:30:00,SELL,4345.4,4345.3,0.10,1.0,WIN,fuzzy_exit,1.000,0.00,3.26,ranging,Sydney-Tokyo (TEST MODE)
1000052,2025-10-20 23:15:00,2025-10-20 23:45:00,BUY,4354.06,4355.96,1.90,19.0,WIN,fuzzy_exit,0.800,0.00,3.04,ranging,Sydney-Tokyo (TEST MODE)
1000053,2025-10-21 02:15:00,2025-10-21 03:45:00,BUY,4362.31,4368.58,6.27,62.7,WIN,fuzzy_exit,0.900,0.00,7.48,ranging,Sydney-Tokyo (TEST MODE)
1000054,2025-10-21 05:00:00,2025-10-21 06:30:00,BUY,4345.4,4347.31,1.91,19.1,WIN,fuzzy_exit,1.000,0.00,4.96,ranging,Tokyo-London Transition
1000055,2025-10-21 08:00:00,2025-10-21 10:30:00,BUY,4334.64,4300.85,-33.79,-337.9,LOSS,max_loss,0.000,0.00,8.40,ranging,London (Prime)
1000056,2025-10-21 15:30:00,2025-10-21 16:45:00,BUY,4217.97,4173.85,-44.12,-441.2,LOSS,max_loss,0.000,0.00,0.00,ranging,Late NY (TEST MODE)
1000057,2025-10-22 01:00:00,2025-10-22 01:45:00,BUY,4118.12,4122.91,4.79,47.9,WIN,fuzzy_exit,1.000,0.00,6.95,ranging,Sydney-Tokyo (TEST MODE)
1000058,2025-10-22 08:45:00,2025-10-22 10:00:00,BUY,4134.78,4137.24,2.46,24.6,WIN,fuzzy_exit,1.000,0.00,24.40,ranging,London (Prime)
1000059,2025-10-23 02:15:00,2025-10-23 02:45:00,BUY,4085.87,4087.48,1.61,16.1,WIN,fuzzy_exit,0.800,0.00,2.87,ranging,Sydney-Tokyo (TEST MODE)
1000060,2025-10-23 04:15:00,2025-10-23 06:30:00,BUY,4086.98,4093.18,6.20,62.0,WIN,fuzzy_exit,0.900,0.00,8.19,ranging,Tokyo-London Transition
1000061,2025-10-23 08:30:00,2025-10-23 09:00:00,BUY,4096.55,4125.789698857623,29.24,292.4,WIN,take_profit,0.000,0.00,29.24,ranging,London (Prime)
1000062,2025-10-23 10:30:00,2025-10-23 12:30:00,BUY,4102.79,4114.37,11.58,115.8,WIN,fuzzy_exit,1.000,0.00,19.05,ranging,London (Prime)
1000063,2025-10-23 14:00:00,2025-10-23 17:00:00,BUY,4116.24,4151.079333019195,34.84,348.4,WIN,take_profit,0.000,0.00,34.84,ranging,NY Early
1000064,2025-10-23 19:15:00,2025-10-23 23:00:00,BUY,4140.34,4113.05,-27.29,-272.9,LOSS,max_loss,0.000,0.00,2.24,ranging,Sydney-Tokyo (TEST MODE)
1000065,2025-10-24 01:15:00,2025-10-24 03:30:00,BUY,4121.85,4127.47,5.62,56.2,WIN,fuzzy_exit,1.000,0.00,10.84,ranging,Sydney-Tokyo (TEST MODE)
1000066,2025-10-24 05:15:00,2025-10-24 07:00:00,BUY,4111.7,4116.13,4.43,44.3,WIN,fuzzy_exit,1.000,0.00,10.39,ranging,Tokyo-London Transition
1000067,2025-10-24 08:15:00,2025-10-24 09:00:00,BUY,4112.45,4083.35,-29.10,-291.0,LOSS,max_loss,0.000,0.00,0.00,ranging,London (Prime)
1000068,2025-10-24 10:45:00,2025-10-24 15:45:00,BUY,4074.11,4081.49,7.38,73.8,WIN,fuzzy_exit,0.900,174.11,8.84,ranging,London (Prime)
1000069,2025-10-24 20:15:00,2025-10-27 00:15:00,BUY,4120.85,4091.56,-29.29,-292.9,LOSS,max_loss,0.000,0.00,0.00,ranging,Sydney-Tokyo (TEST MODE)
1000070,2025-10-27 01:30:00,2025-10-27 02:15:00,BUY,4067.3,4067.65,0.35,3.5,WIN,fuzzy_exit,1.000,0.00,1.82,ranging,Sydney-Tokyo (TEST MODE)
1000071,2025-10-27 04:00:00,2025-10-27 07:30:00,BUY,4078.45,4079.64,1.19,11.9,WIN,fuzzy_exit,1.000,44.76,3.08,ranging,Tokyo-London Transition
1000072,2025-10-27 09:15:00,2025-10-27 09:45:00,BUY,4068.19,4068.68,0.49,4.9,WIN,fuzzy_exit,0.800,0.00,2.12,ranging,London (Prime)
1000073,2025-10-27 11:00:00,2025-10-27 11:45:00,BUY,4036.24,4039.67,3.43,34.3,WIN,fuzzy_exit,1.000,0.00,6.39,ranging,London (Prime)
1000074,2025-10-27 14:00:00,2025-10-27 15:00:00,BUY,4032.39,4039.5,7.11,71.1,WIN,fuzzy_exit,1.000,0.00,13.11,ranging,NY Early
1000075,2025-10-27 21:15:00,2025-10-28 00:45:00,BUY,3989.02,3989.77,0.75,7.5,WIN,fuzzy_exit,1.000,0.00,10.67,ranging,Sydney-Tokyo (TEST MODE)
1000076,2025-10-28 02:00:00,2025-10-28 03:00:00,BUY,3986.17,4015.6307854043166,29.46,294.6,WIN,take_profit,0.000,0.00,29.46,ranging,Sydney-Tokyo (TEST MODE)
1000077,2025-10-28 05:00:00,2025-10-28 07:30:00,BUY,3989.06,3960.31,-28.75,-287.5,LOSS,max_loss,0.000,0.00,3.51,ranging,Tokyo-London Transition
1000078,2025-10-28 14:45:00,2025-10-28 15:30:00,BUY,3912.58,3922.54,9.96,99.6,WIN,fuzzy_exit,1.000,0.00,19.76,ranging,NY Early
1000079,2025-10-28 17:00:00,2025-10-28 18:00:00,BUY,3959.0,3963.25,4.25,42.5,WIN,fuzzy_exit,0.900,0.00,5.58,ranging,Sydney-Tokyo (TEST MODE)
1000080,2025-10-28 20:15:00,2025-10-29 02:00:00,BUY,3954.5,3961.74,7.24,72.4,WIN,fuzzy_exit,0.900,9.88,9.88,ranging,Sydney-Tokyo (TEST MODE)
1000081,2025-10-29 04:15:00,2025-10-29 05:45:00,BUY,3963.19,3963.24,0.05,0.5,WIN,fuzzy_exit,1.000,0.00,6.27,ranging,Tokyo-London Transition
1000082,2025-10-29 07:00:00,2025-10-29 07:45:00,BUY,3955.71,3962.25,6.54,65.4,WIN,fuzzy_exit,0.900,0.00,9.00,ranging,London (Prime)
1000083,2025-10-29 14:00:00,2025-10-29 17:45:00,BUY,4028.3,3992.82,-35.48,-354.8,LOSS,max_loss,0.000,0.00,0.00,ranging,NY Early
1000084,2025-10-30 04:15:00,2025-10-30 06:30:00,BUY,3933.6,3975.7083046177395,42.11,421.1,WIN,take_profit,0.000,0.00,42.11,ranging,Tokyo-London Transition
1000085,2025-10-30 11:00:00,2025-10-30 13:00:00,BUY,4005.02,3977.11,-27.91,-279.1,LOSS,max_loss,0.000,0.00,0.30,ranging,London (Prime)
1000086,2025-10-30 14:30:00,2025-10-30 16:00:00,BUY,3976.95,4011.9206838377922,34.97,349.7,WIN,take_profit,0.000,0.00,34.97,ranging,NY Early
1000087,2025-10-30 21:00:00,2025-10-31 01:00:00,BUY,4024.74,4027.12,2.38,23.8,WIN,fuzzy_exit,1.000,95.04,12.91,ranging,Sydney-Tokyo (TEST MODE)
1000088,2025-10-31 03:30:00,2025-10-31 05:00:00,BUY,4023.93,3993.86,-30.07,-300.7,LOSS,max_loss,0.000,0.00,0.00,ranging,Tokyo-London Transition
1000089,2025-10-31 06:15:00,2025-10-31 07:45:00,BUY,4000.65,4004.84,4.19,41.9,WIN,fuzzy_exit,0.900,0.00,5.63,ranging,Tokyo-London Transition
1000090,2025-10-31 09:45:00,2025-10-31 10:15:00,BUY,4020.99,4021.22,0.23,2.3,WIN,fuzzy_exit,0.800,0.00,2.00,ranging,London (Prime)
1000091,2025-10-31 12:30:00,2025-10-31 14:45:00,BUY,4010.22,4022.81,12.59,125.9,WIN,fuzzy_exit,1.000,0.00,19.10,ranging,London (Prime)
1000092,2025-11-03 01:00:00,2025-11-03 02:00:00,BUY,3996.24,3968.24,-28.00,-280.0,LOSS,max_loss,0.000,0.00,0.00,ranging,Sydney-Tokyo (TEST MODE)
1000093,2025-11-03 06:45:00,2025-11-03 10:15:00,BUY,4003.55,4014.27,10.72,107.2,WIN,fuzzy_exit,1.000,18.01,21.52,ranging,Tokyo-London Transition
1000094,2025-11-03 11:30:00,2025-11-03 12:00:00,BUY,3997.08,3997.34,0.26,2.6,WIN,fuzzy_exit,0.800,0.00,3.26,ranging,London (Prime)
1000095,2025-11-03 13:45:00,2025-11-03 16:15:00,BUY,4007.45,4010.24,2.79,27.9,WIN,fuzzy_exit,1.000,0.00,9.77,ranging,NY Early
1000096,2025-11-03 18:00:00,2025-11-03 19:15:00,BUY,4004.59,4006.86,2.27,22.7,WIN,fuzzy_exit,1.000,0.00,3.71,ranging,Sydney-Tokyo (TEST MODE)
1000097,2025-11-03 21:00:00,2025-11-03 22:30:00,BUY,4003.4,4009.25,5.85,58.5,WIN,fuzzy_exit,0.900,0.00,8.07,ranging,Sydney-Tokyo (TEST MODE)
1000098,2025-11-04 01:00:00,2025-11-04 02:00:00,BUY,3988.01,3994.52,6.51,65.1,WIN,fuzzy_exit,1.000,0.00,9.57,ranging,Sydney-Tokyo (TEST MODE)
1000099,2025-11-04 04:15:00,2025-11-04 06:00:00,BUY,3983.81,3988.59,4.78,47.8,WIN,fuzzy_exit,1.000,0.00,10.48,ranging,Tokyo-London Transition
1000100,2025-11-04 07:45:00,2025-11-04 09:15:00,BUY,3972.92,3995.939810167052,23.02,230.2,WIN,take_profit,0.000,0.00,23.02,ranging,London (Prime)
1000101,2025-11-04 12:15:00,2025-11-04 12:45:00,BUY,3991.78,3993.83,2.05,20.5,WIN,fuzzy_exit,0.800,0.00,3.64,ranging,London (Prime)
1000102,2025-11-04 20:00:00,2025-11-05 05:00:00,BUY,3950.44,3952.76,2.32,23.2,WIN,timeout,0.200,22.91,2.32,ranging,Sydney-Tokyo (TEST MODE)
1000103,2025-11-05 06:30:00,2025-11-05 11:00:00,BUY,3971.28,3975.43,4.15,41.5,WIN,fuzzy_exit,1.000,8.54,10.71,ranging,Tokyo-London Transition
1000104,2025-11-05 12:15:00,2025-11-05 16:30:00,BUY,3964.56,3976.09,11.53,115.3,WIN,fuzzy_exit,1.000,27.89,19.15,ranging,London (Prime)
1000105,2025-11-06 01:00:00,2025-11-06 02:15:00,BUY,3969.7,3973.44,3.74,37.4,WIN,fuzzy_exit,0.900,0.00,5.23,ranging,Sydney-Tokyo (TEST MODE)
1000106,2025-11-06 03:45:00,2025-11-06 08:30:00,BUY,3976.48,3984.22,7.74,77.4,WIN,fuzzy_exit,1.000,10.59,13.38,ranging,Tokyo-London Transition
1000107,2025-11-06 10:45:00,2025-11-06 17:00:00,BUY,4014.84,3982.52,-32.32,-323.2,LOSS,max_loss,0.000,0.00,3.26,ranging,London (Prime)
1000108,2025-11-06 19:30:00,2025-11-06 20:00:00,BUY,3981.71,3983.98,2.27,22.7,WIN,fuzzy_exit,0.800,0.00,4.47,ranging,Sydney-Tokyo (TEST MODE)
1000109,2025-11-07 03:00:00,2025-11-07 09:15:00,BUY,3998.71,4003.55,4.84,48.4,WIN,fuzzy_exit,1.000,8.85,8.85,ranging,Tokyo-London Transition
1000110,2025-11-07 14:00:00,2025-11-07 18:30:00,BUY,4005.56,4022.6591866516355,17.10,171.0,WIN,take_profit,0.000,0.00,17.10,ranging,NY Early
1000111,2025-11-07 22:30:00,2025-11-07 23:00:00,BUY,4001.08,4002.59,1.51,15.1,WIN,fuzzy_exit,0.800,0.00,2.85,ranging,Sydney-Tokyo (TEST MODE)
1000112,2025-11-10 07:00:00,2025-11-10 07:45:00,BUY,4050.19,4069.0566865319,18.87,188.7,WIN,take_profit,0.000,0.00,18.87,ranging,London (Prime)
1000113,2025-11-10 11:00:00,2025-11-10 11:45:00,BUY,4074.82,4076.57,1.75,17.5,WIN,fuzzy_exit,1.000,0.00,6.14,ranging,London (Prime)
1000114,2025-11-10 16:15:00,2025-11-10 17:30:00,BUY,4086.19,4087.49,1.30,13.0,WIN,fuzzy_exit,1.000,0.00,2.96,ranging,Late NY (TEST MODE)
1000115,2025-11-11 07:00:00,2025-11-11 11:45:00,BUY,4140.52,4141.87,1.35,13.5,WIN,fuzzy_exit,1.000,2.97,3.17,ranging,London (Prime)
1000116,2025-11-11 14:00:00,2025-11-11 16:00:00,BUY,4138.91,4139.38,0.47,4.7,WIN,fuzzy_exit,1.000,0.00,3.58,ranging,NY Early
1000117,2025-11-12 01:30:00,2025-11-12 05:45:00,BUY,4143.35,4111.8,-31.55,-315.5,LOSS,max_loss,0.000,0.00,0.35,ranging,Sydney-Tokyo (TEST MODE)
1000118,2025-11-12 07:00:00,2025-11-12 09:30:00,BUY,4107.75,4114.15,6.40,64.0,WIN,fuzzy_exit,1.000,0.00,16.89,ranging,London (Prime)
1000119,2025-11-12 12:15:00,2025-11-12 13:15:00,BUY,4120.61,4124.18,3.57,35.7,WIN,fuzzy_exit,1.000,0.00,10.29,ranging,London (Prime)
1000120,2025-11-12 15:45:00,2025-11-12 17:00:00,BUY,4127.06,4147.297054511013,20.24,202.4,WIN,take_profit,0.000,0.00,20.24,ranging,Late NY (TEST MODE)
1000121,2025-11-12 23:00:00,2025-11-12 23:45:00,BUY,4192.7,4196.28,3.58,35.8,WIN,fuzzy_exit,0.900,0.00,4.85,ranging,Sydney-Tokyo (TEST MODE)
1000122,2025-11-13 02:00:00,2025-11-13 03:00:00,BUY,4187.84,4190.78,2.94,29.4,WIN,fuzzy_exit,1.000,0.00,17.88,ranging,Sydney-Tokyo (TEST MODE)
1000123,2025-11-13 04:15:00,2025-11-13 04:45:00,BUY,4187.67,4190.13,2.46,24.6,WIN,fuzzy_exit,0.800,0.00,4.33,ranging,Tokyo-London Transition
1000124,2025-11-13 07:00:00,2025-11-13 11:15:00,BUY,4217.33,4226.81,9.48,94.8,WIN,fuzzy_exit,1.000,18.42,19.98,ranging,London (Prime)
1000125,2025-11-13 13:15:00,2025-11-13 15:00:00,BUY,4222.93,4230.26,7.33,73.3,WIN,fuzzy_exit,1.000,0.00,19.57,ranging,NY Early
1000126,2025-11-13 16:15:00,2025-11-13 20:30:00,BUY,4210.94,4155.7,-55.24,-552.4,LOSS,max_loss,0.000,0.00,0.00,ranging,Late NY (TEST MODE)
1000127,2025-11-14 02:45:00,2025-11-14 06:00:00,BUY,4183.73,4199.77,16.04,160.4,WIN,fuzzy_exit,1.000,20.58,26.91,ranging,Sydney-Tokyo (TEST MODE)
1000128,2025-11-14 07:45:00,2025-11-14 09:15:00,BUY,4189.7,4163.26,-26.44,-264.4,LOSS,max_loss,0.000,0.00,0.00,ranging,London (Prime)
1000129,2025-11-14 12:00:00,2025-11-14 13:45:00,BUY,4165.35,4132.91,-32.44,-324.4,LOSS,max_loss,0.000,0.00,2.42,ranging,London (Prime)
1000130,2025-11-17 02:30:00,2025-11-17 03:45:00,BUY,4089.82,4091.19,1.37,13.7,WIN,fuzzy_exit,1.000,0.00,8.93,ranging,Sydney-Tokyo (TEST MODE)
1000131,2025-11-17 06:45:00,2025-11-17 10:15:00,BUY,4078.31,4081.02,2.71,27.1,WIN,fuzzy_exit,1.000,11.74,11.74,ranging,Tokyo-London Transition
1000132,2025-11-17 12:45:00,2025-11-17 14:45:00,BUY,4070.12,4077.07,6.95,69.5,WIN,fuzzy_exit,1.000,0.00,12.32,ranging,London (Prime)
1000133,2025-11-17 16:00:00,2025-11-17 19:30:00,BUY,4073.46,4075.37,1.91,19.1,WIN,fuzzy_exit,1.000,3.91,3.91,ranging,Late NY (TEST MODE)
1000134,2025-11-17 21:15:00,2025-11-17 21:30:00,BUY,4056.5,4019.38,-37.12,-371.2,LOSS,max_loss,0.000,0.00,0.00,ranging,Sydney-Tokyo (TEST MODE)
1000135,2025-11-18 02:15:00,2025-11-18 03:30:00,BUY,4030.69,4032.87,2.18,21.8,WIN,fuzzy_exit,1.000,0.00,10.06,ranging,Sydney-Tokyo (TEST MODE)
1000136,2025-11-18 05:30:00,2025-11-18 10:15:00,BUY,4021.95,4022.11,0.16,1.6,WIN,fuzzy_exit,1.000,82.33,3.08,ranging,Tokyo-London Transition
1000137,2025-11-18 11:45:00,2025-11-18 13:30:00,BUY,4040.09,4044.71,4.62,46.2,WIN,fuzzy_exit,1.000,0.00,8.29,ranging,London (Prime)
1000138,2025-11-18 14:45:00,2025-11-18 15:30:00,BUY,4032.27,4057.018030886496,24.75,247.5,WIN,take_profit,0.000,0.00,24.75,ranging,NY Early
1000139,2025-11-18 17:45:00,2025-11-18 19:15:00,BUY,4052.79,4061.44,8.65,86.5,WIN,fuzzy_exit,1.000,0.00,13.95,ranging,Sydney-Tokyo (TEST MODE)
1000140,2025-11-19 03:45:00,2025-11-19 05:45:00,BUY,4058.94,4066.83,7.89,78.9,WIN,fuzzy_exit,1.000,0.00,19.21,ranging,Tokyo-London Transition
1000141,2025-11-19 07:15:00,2025-11-19 08:15:00,BUY,4088.61,4092.24,3.63,36.3,WIN,fuzzy_exit,1.000,0.00,8.18,ranging,London (Prime)
1000142,2025-11-19 10:45:00,2025-11-19 11:45:00,BUY,4083.38,4105.36820494893,21.99,219.9,WIN,take_profit,0.000,0.00,21.99,ranging,London (Prime)
1000143,2025-11-19 13:15:00,2025-11-19 14:45:00,BUY,4114.24,4114.5,0.26,2.6,WIN,fuzzy_exit,1.000,0.00,3.02,ranging,NY Early
1000144,2025-11-19 16:15:00,2025-11-19 17:15:00,BUY,4106.76,4131.762871932412,25.00,250.0,WIN,take_profit,0.000,0.00,25.00,ranging,Late NY (TEST MODE)
1000145,2025-11-20 01:00:00,2025-11-20 03:00:00,BUY,4087.85,4097.5,9.65,96.5,WIN,fuzzy_exit,1.000,0.00,17.76,ranging,Sydney-Tokyo (TEST MODE)
1000146,2025-11-20 04:15:00,2025-11-20 05:30:00,BUY,4054.91,4065.88,10.97,109.7,WIN,fuzzy_exit,1.000,0.00,23.14,ranging,Tokyo-London Transition
1000147,2025-11-20 07:00:00,2025-11-20 10:15:00,BUY,4071.25,4045.8,-25.45,-254.5,LOSS,max_loss,0.000,0.00,2.29,ranging,London (Prime)
1000148,2025-11-20 12:00:00,2025-11-20 12:45:00,BUY,4059.54,4059.93,0.39,3.9,WIN,fuzzy_exit,1.000,0.00,3.75,ranging,London (Prime)
1000149,2025-11-20 14:00:00,2025-11-20 15:30:00,BUY,4072.56,4080.45,7.89,78.9,WIN,fuzzy_exit,1.000,0.00,17.60,ranging,NY Early
1000150,2025-11-20 21:00:00,2025-11-20 22:00:00,BUY,4069.15,4077.07,7.92,79.2,WIN,fuzzy_exit,1.000,0.00,15.43,ranging,Sydney-Tokyo (TEST MODE)
1000151,2025-11-21 01:15:00,2025-11-21 05:15:00,BUY,4081.0,4052.45,-28.55,-285.5,LOSS,max_loss,0.000,0.00,6.10,ranging,Sydney-Tokyo (TEST MODE)
1000152,2025-11-21 06:30:00,2025-11-21 07:15:00,BUY,4050.48,4052.89,2.41,24.1,WIN,fuzzy_exit,1.000,0.00,5.34,ranging,Tokyo-London Transition
1000153,2025-11-21 08:30:00,2025-11-21 10:45:00,BUY,4035.83,4040.96,5.13,51.3,WIN,fuzzy_exit,1.000,0.00,7.64,ranging,London (Prime)
1000154,2025-11-21 12:15:00,2025-11-21 13:30:00,BUY,4032.57,4036.44,3.87,38.7,WIN,fuzzy_exit,1.000,0.00,7.79,ranging,London (Prime)
1000155,2025-11-21 18:30:00,2025-11-21 19:15:00,BUY,4079.3,4081.41,2.11,21.1,WIN,fuzzy_exit,0.800,0.00,20.54,ranging,Sydney-Tokyo (TEST MODE)
1000156,2025-11-21 22:00:00,2025-11-24 03:00:00,BUY,4080.87,4054.72,-26.15,-261.5,LOSS,max_loss,0.000,0.00,0.00,ranging,Sydney-Tokyo (TEST MODE)
1000157,2025-11-24 05:00:00,2025-11-24 05:45:00,BUY,4046.51,4049.98,3.47,34.7,WIN,fuzzy_exit,1.000,0.00,9.48,ranging,Tokyo-London Transition
1000158,2025-11-24 09:30:00,2025-11-24 11:15:00,BUY,4063.78,4068.58,4.80,48.0,WIN,fuzzy_exit,1.000,0.00,8.14,ranging,London (Prime)
1000159,2025-11-24 12:45:00,2025-11-24 14:00:00,BUY,4063.89,4068.66,4.77,47.7,WIN,fuzzy_exit,0.900,0.00,6.40,ranging,London (Prime)
1000160,2025-11-24 18:30:00,2025-11-24 20:45:00,BUY,4097.77,4119.109526911966,21.34,213.4,WIN,take_profit,0.000,0.00,21.34,ranging,Sydney-Tokyo (TEST MODE)
1000161,2025-11-24 22:30:00,2025-11-24 23:00:00,BUY,4131.18,4131.77,0.59,5.9,WIN,fuzzy_exit,0.800,0.00,1.20,ranging,Sydney-Tokyo (TEST MODE)
1000162,2025-11-25 01:45:00,2025-11-25 04:45:00,BUY,4143.37,4150.51,7.14,71.4,WIN,fuzzy_exit,0.900,8.47,8.47,ranging,Sydney-Tokyo (TEST MODE)
1000163,2025-11-25 06:45:00,2025-11-25 08:00:00,BUY,4140.4,4147.11,6.71,67.1,WIN,fuzzy_exit,1.000,0.00,10.49,ranging,Tokyo-London Transition
1000164,2025-11-25 09:15:00,2025-11-25 16:00:00,BUY,4136.98,4142.55,5.57,55.7,WIN,fuzzy_exit,1.000,10.59,10.59,ranging,London (Prime)
1000165,2025-11-25 18:00:00,2025-11-25 18:45:00,BUY,4131.16,4136.24,5.08,50.8,WIN,fuzzy_exit,1.000,0.00,9.18,ranging,Sydney-Tokyo (TEST MODE)
1000166,2025-11-25 20:30:00,2025-11-26 02:30:00,BUY,4139.2,4139.39,0.19,1.9,WIN,fuzzy_exit,1.000,2.33,2.33,ranging,Sydney-Tokyo (TEST MODE)
1000167,2025-11-26 06:00:00,2025-11-26 07:30:00,BUY,4161.54,4162.51,0.97,9.7,WIN,fuzzy_exit,1.000,0.00,5.15,ranging,Tokyo-London Transition
1000168,2025-11-26 09:30:00,2025-11-26 10:30:00,BUY,4155.09,4157.94,2.85,28.5,WIN,fuzzy_exit,1.000,0.00,11.55,ranging,London (Prime)
1000169,2025-11-26 13:30:00,2025-11-26 16:15:00,BUY,4171.0,4141.83,-29.17,-291.7,LOSS,max_loss,0.000,0.00,0.31,ranging,NY Early
1000170,2025-11-27 03:15:00,2025-11-27 08:30:00,BUY,4153.41,4153.64,0.23,2.3,WIN,fuzzy_exit,1.000,3.31,3.31,ranging,Tokyo-London Transition
1000171,2025-11-27 15:30:00,2025-11-27 16:15:00,BUY,4155.98,4157.03,1.05,10.5,WIN,fuzzy_exit,1.000,0.00,2.29,ranging,Late NY (TEST MODE)
1000172,2025-11-28 05:30:00,2025-11-28 07:30:00,BUY,4183.16,4184.78,1.62,16.2,WIN,fuzzy_exit,0.800,0.00,5.01,ranging,Tokyo-London Transition
1000173,2025-11-28 09:00:00,2025-11-28 10:30:00,BUY,4185.08,4158.65,-26.43,-264.3,LOSS,max_loss,0.000,0.00,0.00,ranging,London (Prime)
1000174,2025-11-28 14:15:00,2025-11-28 16:15:00,BUY,4174.1,4197.358870395987,23.26,232.6,WIN,take_profit,0.000,0.00,23.26,ranging,NY Early
1000175,2025-11-28 19:45:00,2025-12-01 01:00:00,BUY,4216.8,4216.86,0.06,0.6,WIN,fuzzy_exit,1.000,0.00,4.50,ranging,Sydney-Tokyo (TEST MODE)
1000176,2025-12-01 03:15:00,2025-12-01 04:00:00,BUY,4238.36,4248.07,9.71,97.1,WIN,fuzzy_exit,1.000,0.00,16.77,ranging,Tokyo-London Transition
1000177,2025-12-01 07:00:00,2025-12-01 10:30:00,BUY,4232.35,4242.3,9.95,99.5,WIN,fuzzy_exit,1.000,17.14,18.39,ranging,London (Prime)
1000178,2025-12-01 12:00:00,2025-12-01 16:30:00,BUY,4258.63,4225.04,-33.59,-335.9,LOSS,max_loss,0.000,0.00,3.24,ranging,London (Prime)
1000179,2025-12-02 01:30:00,2025-12-02 03:00:00,BUY,4230.62,4204.84,-25.78,-257.8,LOSS,max_loss,0.000,0.00,0.00,ranging,Sydney-Tokyo (TEST MODE)
1000180,2025-12-02 04:15:00,2025-12-02 05:15:00,BUY,4216.88,4222.52,5.64,56.4,WIN,fuzzy_exit,0.900,0.00,6.94,ranging,Tokyo-London Transition
1000181,2025-12-02 09:30:00,2025-12-02 10:30:00,BUY,4211.38,4212.29,0.91,9.1,WIN,fuzzy_exit,1.000,0.00,3.11,ranging,London (Prime)
1000182,2025-12-02 12:00:00,2025-12-02 14:45:00,BUY,4186.78,4209.08832206516,22.31,223.1,WIN,take_profit,0.000,0.00,22.31,ranging,London (Prime)
1000183,2025-12-02 22:30:00,2025-12-03 03:45:00,BUY,4209.76,4214.3,4.54,45.4,WIN,fuzzy_exit,1.000,7.21,7.21,ranging,Sydney-Tokyo (TEST MODE)
1000184,2025-12-03 08:30:00,2025-12-03 14:00:00,BUY,4206.52,4207.37,0.85,8.5,WIN,fuzzy_exit,1.000,41.95,2.10,ranging,London (Prime)
1000185,2025-12-03 17:45:00,2025-12-04 02:45:00,BUY,4216.28,4211.52,-4.76,-47.6,LOSS,timeout,1.000,-4.76,4.22,ranging,Sydney-Tokyo (TEST MODE)
1000186,2025-12-04 05:00:00,2025-12-04 05:45:00,BUY,4192.94,4195.66,2.72,27.2,WIN,fuzzy_exit,1.000,0.00,3.90,ranging,Tokyo-London Transition
1000187,2025-12-04 07:00:00,2025-12-04 12:45:00,BUY,4194.07,4197.26,3.19,31.9,WIN,fuzzy_exit,1.000,19.31,6.86,ranging,London (Prime)
1000188,2025-12-05 02:15:00,2025-12-05 06:15:00,BUY,4205.58,4212.27,6.69,66.9,WIN,fuzzy_exit,0.900,35.43,7.93,ranging,Sydney-Tokyo (TEST MODE)
1000189,2025-12-05 10:45:00,2025-12-05 11:45:00,BUY,4220.34,4223.09,2.75,27.5,WIN,fuzzy_exit,0.800,0.00,3.35,ranging,London (Prime)
1000190,2025-12-05 13:15:00,2025-12-05 14:15:00,BUY,4221.16,4224.31,3.15,31.5,WIN,fuzzy_exit,0.900,0.00,4.32,ranging,NY Early
1000191,2025-12-05 17:15:00,2025-12-05 18:00:00,BUY,4248.63,4203.28,-45.35,-453.5,LOSS,max_loss,0.000,0.00,5.03,ranging,Sydney-Tokyo (TEST MODE)
1000192,2025-12-08 01:15:00,2025-12-08 03:00:00,BUY,4202.19,4205.6,3.41,34.1,WIN,fuzzy_exit,1.000,0.00,8.46,ranging,Sydney-Tokyo (TEST MODE)
1000193,2025-12-08 07:30:00,2025-12-08 08:00:00,BUY,4214.55,4215.24,0.69,6.9,WIN,fuzzy_exit,0.800,0.00,2.43,ranging,London (Prime)
1000194,2025-12-08 12:45:00,2025-12-08 13:45:00,BUY,4203.5,4208.47,4.97,49.7,WIN,fuzzy_exit,1.000,0.00,9.74,ranging,London (Prime)
1000195,2025-12-08 17:15:00,2025-12-08 18:30:00,BUY,4191.78,4193.42,1.64,16.4,WIN,fuzzy_exit,1.000,0.00,2.97,ranging,Sydney-Tokyo (TEST MODE)
1000196,2025-12-09 08:30:00,2025-12-09 10:15:00,BUY,4180.87,4186.13,5.26,52.6,WIN,fuzzy_exit,0.900,0.00,7.35,ranging,London (Prime)
1000197,2025-12-09 19:45:00,2025-12-09 20:30:00,BUY,4202.96,4205.46,2.50,25.0,WIN,fuzzy_exit,1.000,0.00,4.06,ranging,Sydney-Tokyo (TEST MODE)
1000198,2025-12-10 07:00:00,2025-12-10 08:00:00,BUY,4203.39,4209.37,5.98,59.8,WIN,fuzzy_exit,0.900,0.00,8.54,ranging,London (Prime)
1000199,2025-12-10 09:45:00,2025-12-10 17:45:00,BUY,4203.25,4193.59,-9.66,-96.6,LOSS,timeout,0.700,4.58,1.60,ranging,London (Prime)
1000200,2025-12-11 02:45:00,2025-12-11 06:30:00,BUY,4236.87,4211.55,-25.32,-253.2,LOSS,max_loss,0.000,0.00,3.06,ranging,Sydney-Tokyo (TEST MODE)
1000201,2025-12-11 07:45:00,2025-12-11 09:00:00,BUY,4207.27,4212.23,4.96,49.6,WIN,fuzzy_exit,0.900,0.00,6.99,ranging,London (Prime)
1000202,2025-12-11 22:00:00,2025-12-11 23:00:00,BUY,4269.77,4272.87,3.10,31.0,WIN,fuzzy_exit,1.000,0.00,6.48,ranging,Sydney-Tokyo (TEST MODE)
1000203,2025-12-12 01:30:00,2025-12-12 02:30:00,BUY,4274.92,4275.22,0.30,3.0,WIN,fuzzy_exit,1.000,0.00,3.26,ranging,Sydney-Tokyo (TEST MODE)
1000204,2025-12-12 04:45:00,2025-12-12 05:45:00,BUY,4270.21,4270.41,0.20,2.0,WIN,fuzzy_exit,1.000,0.00,3.02,ranging,Tokyo-London Transition
1000205,2025-12-12 11:45:00,2025-12-12 13:00:00,BUY,4318.14,4336.143738189581,18.00,180.0,WIN,take_profit,0.000,0.00,18.00,ranging,London (Prime)
1000206,2025-12-12 16:45:00,2025-12-12 17:15:00,BUY,4346.76,4300.6,-46.16,-461.6,LOSS,max_loss,0.000,0.00,0.00,ranging,Late NY (TEST MODE)
1000207,2025-12-15 01:45:00,2025-12-15 04:30:00,BUY,4302.35,4327.540115321547,25.19,251.9,WIN,take_profit,0.000,0.00,25.19,ranging,Sydney-Tokyo (TEST MODE)
1000208,2025-12-15 07:30:00,2025-12-15 08:45:00,BUY,4338.61,4343.28,4.67,46.7,WIN,fuzzy_exit,0.900,0.00,6.54,ranging,London (Prime)
1000209,2025-12-15 12:30:00,2025-12-15 18:00:00,BUY,4338.67,4303.5,-35.17,-351.7,LOSS,max_loss,0.000,0.00,7.75,ranging,London (Prime)
1000210,2025-12-16 02:45:00,2025-12-16 03:45:00,BUY,4307.58,4308.65,1.07,10.7,WIN,fuzzy_exit,1.000,0.00,6.89,ranging,Sydney-Tokyo (TEST MODE)
1000211,2025-12-16 05:00:00,2025-12-16 05:30:00,BUY,4282.0,4284.9,2.90,29.0,WIN,fuzzy_exit,0.800,0.00,5.45,ranging,Tokyo-London Transition
1000212,2025-12-16 07:00:00,2025-12-16 08:45:00,BUY,4286.0,4288.96,2.96,29.6,WIN,fuzzy_exit,1.000,0.00,4.89,ranging,London (Prime)
1000213,2025-12-16 11:15:00,2025-12-16 15:15:00,BUY,4281.58,4300.268437772951,18.69,186.9,WIN,take_profit,0.000,0.00,18.69,ranging,London (Prime)
1000214,2025-12-16 18:15:00,2025-12-16 22:15:00,BUY,4307.55,4310.63,3.08,30.8,WIN,fuzzy_exit,0.900,9.92,4.38,ranging,Sydney-Tokyo (TEST MODE)
1000215,2025-12-17 09:00:00,2025-12-17 15:45:00,BUY,4324.8,4343.420844264425,18.62,186.2,WIN,take_profit,0.000,0.00,18.62,ranging,London (Prime)
1000216,2025-12-18 01:00:00,2025-12-18 02:00:00,BUY,4335.66,4337.96,2.30,23.0,WIN,fuzzy_exit,0.900,0.00,3.12,ranging,Sydney-Tokyo (TEST MODE)
1000217,2025-12-18 05:00:00,2025-12-18 13:00:00,BUY,4335.73,4327.14,-8.59,-85.9,LOSS,timeout,0.450,17.02,1.35,ranging,Tokyo-London Transition
1000218,2025-12-18 14:30:00,2025-12-18 15:30:00,BUY,4322.53,4335.20524537494,12.68,126.8,WIN,take_profit,0.000,0.00,12.68,ranging,NY Early
1000219,2025-12-18 19:30:00,2025-12-19 04:30:00,BUY,4337.17,4315.7,-21.47,-214.7,LOSS,timeout,1.000,-21.47,2.16,ranging,Sydney-Tokyo (TEST MODE)
1000220,2025-12-22 03:30:00,2025-12-22 07:00:00,BUY,4381.55,4401.221214615549,19.67,196.7,WIN,take_profit,0.000,0.00,19.67,ranging,Tokyo-London Transition
1000221,2025-12-22 08:30:00,2025-12-22 09:45:00,BUY,4408.15,4414.27,6.12,61.2,WIN,fuzzy_exit,1.000,0.00,10.97,ranging,London (Prime)
1000222,2025-12-22 12:30:00,2025-12-22 13:15:00,BUY,4408.92,4409.11,0.19,1.9,WIN,fuzzy_exit,0.700,0.00,0.23,ranging,London (Prime)
1000223,2025-12-22 14:45:00,2025-12-22 15:15:00,BUY,4415.51,4418.5,2.99,29.9,WIN,fuzzy_exit,0.800,0.00,9.78,ranging,NY Early
1000224,2025-12-22 17:30:00,2025-12-22 19:15:00,BUY,4427.58,4434.16,6.58,65.8,WIN,fuzzy_exit,1.000,0.00,13.82,ranging,Sydney-Tokyo (TEST MODE)
1000225,2025-12-22 21:00:00,2025-12-22 22:15:00,BUY,4429.98,4432.36,2.38,23.8,WIN,fuzzy_exit,1.000,0.00,8.64,ranging,Sydney-Tokyo (TEST MODE)
1000226,2025-12-23 01:00:00,2025-12-23 03:00:00,BUY,4454.49,4471.455799224486,16.97,169.7,WIN,take_profit,0.000,0.00,16.97,ranging,Sydney-Tokyo (TEST MODE)
1000227,2025-12-23 06:45:00,2025-12-23 10:15:00,BUY,4482.3,4487.01,4.71,47.1,WIN,fuzzy_exit,0.900,5.68,5.68,ranging,Tokyo-London Transition
1000228,2025-12-23 12:30:00,2025-12-23 13:15:00,BUY,4482.69,4483.94,1.25,12.5,WIN,fuzzy_exit,0.800,0.00,1.66,ranging,London (Prime)
1000229,2025-12-23 16:30:00,2025-12-23 19:00:00,BUY,4452.76,4478.471038796821,25.71,257.1,WIN,take_profit,0.000,0.00,25.71,ranging,Late NY (TEST MODE)
1000230,2025-12-24 01:30:00,2025-12-24 02:45:00,BUY,4505.3,4511.5,6.20,62.0,WIN,fuzzy_exit,1.000,0.00,12.21,ranging,Sydney-Tokyo (TEST MODE)
1000231,2025-12-24 04:15:00,2025-12-24 04:45:00,BUY,4506.62,4476.58,-30.04,-300.4,LOSS,max_loss,0.000,0.00,2.00,ranging,Tokyo-London Transition
1000232,2025-12-24 06:30:00,2025-12-24 14:30:00,BUY,4499.84,4490.35,-9.49,-94.9,LOSS,timeout,0.700,-9.49,0.00,ranging,Tokyo-London Transition
1000233,2025-12-26 02:45:00,2025-12-26 10:45:00,BUY,4517.43,4518.69,1.26,12.6,WIN,timeout,0.200,33.45,1.26,ranging,Sydney-Tokyo (TEST MODE)
1000234,2025-12-26 13:00:00,2025-12-26 16:15:00,BUY,4509.99,4529.160654274403,19.17,191.7,WIN,take_profit,0.000,0.00,19.17,ranging,NY Early
1000235,2025-12-26 19:00:00,2025-12-26 21:15:00,BUY,4526.0,4529.52,3.52,35.2,WIN,fuzzy_exit,1.000,0.00,7.74,ranging,Sydney-Tokyo (TEST MODE)
1000236,2025-12-29 01:45:00,2025-12-29 02:15:00,BUY,4526.89,4486.44,-40.45,-404.5,LOSS,max_loss,0.000,0.00,0.00,ranging,Sydney-Tokyo (TEST MODE)
1000237,2025-12-29 04:00:00,2025-12-29 05:15:00,BUY,4507.07,4512.63,5.56,55.6,WIN,fuzzy_exit,1.000,0.00,8.04,ranging,Tokyo-London Transition
1000238,2025-12-29 08:15:00,2025-12-29 10:45:00,BUY,4490.46,4460.73,-29.73,-297.3,LOSS,max_loss,0.000,0.00,0.00,ranging,London (Prime)
1000239,2025-12-29 12:15:00,2025-12-29 15:30:00,BUY,4462.78,4429.43,-33.35,-333.5,LOSS,max_loss,0.000,0.00,2.24,ranging,London (Prime)
1000240,2025-12-30 01:45:00,2025-12-30 04:00:00,BUY,4345.54,4355.06,9.52,95.2,WIN,fuzzy_exit,1.000,0.00,14.48,ranging,Sydney-Tokyo (TEST MODE)
1000241,2025-12-30 05:15:00,2025-12-30 08:00:00,BUY,4367.98,4372.97,4.99,49.9,WIN,fuzzy_exit,1.000,17.47,9.48,ranging,Tokyo-London Transition
1000242,2025-12-30 09:30:00,2025-12-30 13:30:00,BUY,4376.78,4384.67,7.89,78.9,WIN,fuzzy_exit,1.000,11.84,11.84,ranging,London (Prime)
1000243,2025-12-30 16:00:00,2025-12-30 18:00:00,BUY,4386.1,4358.59,-27.51,-275.1,LOSS,max_loss,0.000,0.00,4.47,ranging,Late NY (TEST MODE)
1000244,2025-12-30 22:45:00,2025-12-31 02:45:00,BUY,4341.3,4341.98,0.68,6.8,WIN,fuzzy_exit,0.900,66.42,7.45,ranging,Sydney-Tokyo (TEST MODE)
1000245,2025-12-31 05:45:00,2025-12-31 07:45:00,BUY,4348.23,4285.17,-63.06,-630.6,LOSS,max_loss,0.000,0.00,0.00,ranging,Tokyo-London Transition
1000246,2025-12-31 10:30:00,2025-12-31 11:45:00,BUY,4317.13,4325.61,8.48,84.8,WIN,fuzzy_exit,1.000,0.00,19.08,ranging,London (Prime)
1000247,2025-12-31 14:00:00,2025-12-31 14:45:00,BUY,4308.93,4313.69,4.76,47.6,WIN,fuzzy_exit,1.000,0.00,8.07,ranging,NY Early
1000248,2025-12-31 18:30:00,2025-12-31 19:15:00,BUY,4319.66,4320.84,1.18,11.8,WIN,fuzzy_exit,1.000,0.00,3.80,ranging,Sydney-Tokyo (TEST MODE)
1000249,2025-12-31 21:30:00,2025-12-31 22:45:00,BUY,4310.78,4313.07,2.29,22.9,WIN,fuzzy_exit,1.000,0.00,10.30,ranging,Sydney-Tokyo (TEST MODE)
1000250,2026-01-02 01:00:00,2026-01-02 03:00:00,BUY,4330.37,4346.39,16.02,160.2,WIN,fuzzy_exit,1.000,0.00,23.43,ranging,Sydney-Tokyo (TEST MODE)
1000251,2026-01-02 04:45:00,2026-01-02 08:00:00,BUY,4362.82,4375.03,12.21,122.1,WIN,fuzzy_exit,1.000,20.49,17.71,ranging,Tokyo-London Transition
1000252,2026-01-02 15:30:00,2026-01-02 17:00:00,BUY,4372.5,4340.33,-32.17,-321.7,LOSS,max_loss,0.000,0.00,0.00,ranging,Late NY (TEST MODE)
1000253,2026-01-05 01:00:00,2026-01-05 03:00:00,BUY,4370.08,4398.116812834098,28.04,280.4,WIN,take_profit,0.000,0.00,28.04,ranging,Sydney-Tokyo (TEST MODE)
1000254,2026-01-05 07:30:00,2026-01-05 10:15:00,BUY,4401.68,4429.000389076283,27.32,273.2,WIN,take_profit,0.000,0.00,27.32,ranging,London (Prime)
1000255,2026-01-05 13:00:00,2026-01-05 15:15:00,BUY,4433.08,4399.36,-33.72,-337.2,LOSS,max_loss,0.000,0.00,0.00,ranging,NY Early
1000256,2026-01-05 21:00:00,2026-01-05 23:15:00,BUY,4439.97,4445.44,5.47,54.7,WIN,fuzzy_exit,0.900,0.00,6.88,ranging,Sydney-Tokyo (TEST MODE)
1000257,2026-01-06 01:30:00,2026-01-06 04:30:00,BUY,4442.45,4453.2,10.75,107.5,WIN,fuzzy_exit,1.000,17.67,17.67,ranging,Sydney-Tokyo (TEST MODE)
1000258,2026-01-06 08:15:00,2026-01-06 09:15:00,BUY,4461.14,4464.34,3.20,32.0,WIN,fuzzy_exit,1.000,0.00,6.98,ranging,London (Prime)
1000259,2026-01-06 11:00:00,2026-01-06 14:00:00,BUY,4457.85,4461.98,4.13,41.3,WIN,fuzzy_exit,0.900,5.31,5.31,ranging,London (Prime)
1000260,2026-01-06 21:00:00,2026-01-07 02:15:00,BUY,4482.02,4490.76,8.74,87.4,WIN,fuzzy_exit,1.000,10.64,16.18,ranging,Sydney-Tokyo (TEST MODE)
1000261,2026-01-07 03:30:00,2026-01-07 04:45:00,BUY,4468.19,4474.37,6.18,61.8,WIN,fuzzy_exit,0.900,0.00,7.40,ranging,Tokyo-London Transition
1000262,2026-01-07 06:00:00,2026-01-07 08:45:00,BUY,4470.15,4444.16,-25.99,-259.9,LOSS,max_loss,0.000,0.00,0.00,ranging,Tokyo-London Transition
1000263,2026-01-07 11:00:00,2026-01-07 15:00:00,BUY,4465.62,4432.19,-33.43,-334.3,LOSS,max_loss,0.000,0.00,0.24,ranging,London (Prime)
1000264,2026-01-08 06:15:00,2026-01-08 14:15:00,BUY,4436.46,4420.36,-16.10,-161.0,LOSS,timeout,0.150,93.18,0.00,ranging,Tokyo-London Transition
1000265,2026-01-08 18:30:00,2026-01-08 19:30:00,BUY,4460.67,4461.26,0.59,5.9,WIN,fuzzy_exit,0.900,0.00,2.55,ranging,Sydney-Tokyo (TEST MODE)
1000266,2026-01-08 20:45:00,2026-01-08 22:30:00,BUY,4449.5,4474.638062013262,25.14,251.4,WIN,take_profit,0.000,0.00,25.14,ranging,Sydney-Tokyo (TEST MODE)
1000267,2026-01-09 02:00:00,2026-01-09 08:45:00,BUY,4471.33,4473.94,2.61,26.1,WIN,fuzzy_exit,0.900,3.49,3.49,ranging,Sydney-Tokyo (TEST MODE)
1000268,2026-01-09 12:15:00,2026-01-09 13:15:00,BUY,4469.01,4470.57,1.56,15.6,WIN,fuzzy_exit,1.000,0.00,3.39,ranging,London (Prime)
1000269,2026-01-09 17:30:00,2026-01-09 19:45:00,BUY,4514.29,4484.48,-29.81,-298.1,LOSS,max_loss,0.000,0.00,0.00,ranging,Sydney-Tokyo (TEST MODE)
1000270,2026-01-12 01:00:00,2026-01-12 02:00:00,BUY,4529.97,4553.533028592505,23.56,235.6,WIN,take_profit,0.000,0.00,23.56,ranging,Sydney-Tokyo (TEST MODE)
1000271,2026-01-12 03:15:00,2026-01-12 04:30:00,SELL,4582.44,4579.01,3.43,34.3,WIN,fuzzy_exit,1.000,0.00,16.45,ranging,Tokyo-London Transition
1000272,2026-01-12 06:45:00,2026-01-12 08:00:00,BUY,4568.31,4572.59,4.28,42.8,WIN,fuzzy_exit,1.000,0.00,13.27,ranging,Tokyo-London Transition
1000273,2026-01-12 10:45:00,2026-01-12 16:45:00,BUY,4596.71,4602.04,5.33,53.3,WIN,fuzzy_exit,1.000,169.15,19.01,ranging,London (Prime)
1000274,2026-01-12 18:00:00,2026-01-12 22:00:00,BUY,4629.07,4602.76,-26.31,-263.1,LOSS,max_loss,0.000,0.00,0.00,ranging,Sydney-Tokyo (TEST MODE)
1000275,2026-01-13 01:00:00,2026-01-13 02:00:00,BUY,4578.86,4592.7,13.84,138.4,WIN,fuzzy_exit,1.000,0.00,20.41,ranging,Sydney-Tokyo (TEST MODE)
1000276,2026-01-13 08:30:00,2026-01-13 09:30:00,BUY,4575.72,4580.21,4.49,44.9,WIN,fuzzy_exit,1.000,0.00,8.87,ranging,London (Prime)
1000277,2026-01-13 11:45:00,2026-01-13 12:45:00,BUY,4585.94,4586.19,0.25,2.5,WIN,fuzzy_exit,1.000,0.00,1.13,ranging,London (Prime)
1000278,2026-01-13 18:00:00,2026-01-13 22:30:00,BUY,4612.3,4584.87,-27.43,-274.3,LOSS,max_loss,0.000,0.00,0.94,ranging,Sydney-Tokyo (TEST MODE)
1000279,2026-01-14 01:30:00,2026-01-14 03:45:00,BUY,4593.92,4619.304632785498,25.38,253.8,WIN,take_profit,0.000,0.00,25.38,ranging,Sydney-Tokyo (TEST MODE)
1000280,2026-01-14 07:00:00,2026-01-14 09:30:00,BUY,4633.75,4636.5,2.75,27.5,WIN,fuzzy_exit,0.800,0.00,3.34,ranging,London (Prime)
1000281,2026-01-14 11:45:00,2026-01-14 12:45:00,BUY,4630.29,4632.95,2.66,26.6,WIN,fuzzy_exit,1.000,0.00,5.34,ranging,London (Prime)
1000282,2026-01-15 02:30:00,2026-01-15 05:15:00,BUY,4613.72,4585.26,-28.46,-284.6,LOSS,max_loss,0.000,0.00,1.12,ranging,Sydney-Tokyo (TEST MODE)
1000283,2026-01-15 06:30:00,2026-01-15 09:30:00,BUY,4590.63,4604.02,13.39,133.9,WIN,fuzzy_exit,1.000,19.41,19.51,ranging,Tokyo-London Transition
1000284,2026-01-15 15:30:00,2026-01-15 16:30:00,BUY,4589.99,4611.314520586922,21.32,213.2,WIN,take_profit,0.000,0.00,21.32,ranging,Late NY (TEST MODE)
1000285,2026-01-16 02:00:00,2026-01-16 09:15:00,BUY,4605.57,4605.78,0.21,2.1,WIN,fuzzy_exit,1.000,85.93,5.80,ranging,Sydney-Tokyo (TEST MODE)
1000286,2026-01-16 11:15:00,2026-01-16 14:15:00,BUY,4600.97,4606.37,5.40,54.0,WIN,fuzzy_exit,1.000,9.93,14.33,ranging,London (Prime)
1000287,2026-01-19 01:15:00,2026-01-19 09:15:00,BUY,4678.06,4667.27,-10.79,-107.9,LOSS,timeout,0.500,8.46,0.00,ranging,Sydney-Tokyo (TEST MODE)
1000288,2026-01-19 10:45:00,2026-01-19 11:45:00,BUY,4663.52,4668.32,4.80,48.0,WIN,fuzzy_exit,1.000,0.00,7.14,ranging,London (Prime)
1000289,2026-01-19 13:30:00,2026-01-19 15:00:00,BUY,4664.71,4670.26,5.55,55.5,WIN,fuzzy_exit,0.900,0.00,7.04,ranging,NY Early
1000290,2026-01-20 01:15:00,2026-01-20 03:45:00,BUY,4665.96,4669.46,3.50,35.0,WIN,fuzzy_exit,1.000,0.00,7.18,ranging,Sydney-Tokyo (TEST MODE)
1000291,2026-01-20 07:45:00,2026-01-20 09:45:00,BUY,4714.45,4715.81,1.36,13.6,WIN,fuzzy_exit,1.000,0.00,5.60,ranging,London (Prime)
1000292,2026-01-20 11:15:00,2026-01-20 16:30:00,BUY,4733.09,4738.32,5.23,52.3,WIN,fuzzy_exit,1.000,66.25,17.32,ranging,London (Prime)
1000293,2026-01-20 22:15:00,2026-01-21 01:00:00,BUY,4750.35,4757.83,7.48,74.8,WIN,fuzzy_exit,1.000,0.00,11.60,ranging,Sydney-Tokyo (TEST MODE)
1000294,2026-01-21 03:00:00,2026-01-21 03:30:00,BUY,4807.88,4833.959234010498,26.08,260.8,WIN,take_profit,0.000,0.00,26.08,ranging,Tokyo-London Transition
1000295,2026-01-21 08:45:00,2026-01-21 10:45:00,BUY,4847.34,4854.69,7.35,73.5,WIN,fuzzy_exit,1.000,0.00,19.47,ranging,London (Prime)
1000296,2026-01-21 12:00:00,2026-01-21 14:45:00,BUY,4863.45,4865.05,1.60,16.0,WIN,fuzzy_exit,0.900,2.03,3.38,ranging,London (Prime)
1000297,2026-01-22 04:30:00,2026-01-22 09:00:00,BUY,4781.71,4829.70809978198,48.00,480.0,WIN,take_profit,0.000,0.00,48.00,ranging,Tokyo-London Transition
1000298,2026-01-22 11:15:00,2026-01-22 14:30:00,BUY,4829.39,4829.59,0.20,2.0,WIN,fuzzy_exit,1.000,74.55,2.09,ranging,London (Prime)
1000299,2026-01-22 16:00:00,2026-01-22 16:45:00,BUY,4824.07,4835.05,10.98,109.8,WIN,fuzzy_exit,1.000,0.00,21.42,ranging,Late NY (TEST MODE)
1000300,2026-01-22 22:45:00,2026-01-23 01:00:00,BUY,4916.84,4946.837605699381,30.00,300.0,WIN,take_profit,0.000,0.00,30.00,ranging,Sydney-Tokyo (TEST MODE)
1000301,2026-01-23 05:15:00,2026-01-23 08:00:00,BUY,4943.79,4952.41,8.62,86.2,WIN,fuzzy_exit,1.000,16.82,17.18,ranging,Tokyo-London Transition
1000302,2026-01-23 09:30:00,2026-01-23 10:15:00,BUY,4946.24,4913.3,-32.94,-329.4,LOSS,max_loss,0.000,0.00,0.00,ranging,London (Prime)
1000303,2026-01-23 11:30:00,2026-01-23 13:00:00,BUY,4917.01,4918.43,1.42,14.2,WIN,fuzzy_exit,1.000,0.00,12.79,ranging,London (Prime)
1000304,2026-01-23 14:45:00,2026-01-23 16:15:00,BUY,4939.48,4940.08,0.60,6.0,WIN,fuzzy_exit,1.000,0.00,4.99,ranging,NY Early
1000305,2026-01-23 17:30:00,2026-01-23 19:45:00,BUY,4958.86,4965.78,6.92,69.2,WIN,fuzzy_exit,1.000,0.00,26.48,ranging,Sydney-Tokyo (TEST MODE)
1000306,2026-01-26 04:30:00,2026-01-26 07:45:00,SELL,5088.35,5074.17,14.18,141.8,WIN,fuzzy_exit,1.000,71.33,28.47,ranging,Tokyo-London Transition
1000307,2026-01-26 11:30:00,2026-01-26 12:45:00,BUY,5091.35,5091.6,0.25,2.5,WIN,fuzzy_exit,1.000,0.00,1.52,ranging,London (Prime)
1000308,2026-01-27 14:30:00,2026-01-27 16:00:00,BUY,5089.28,5060.19,-29.09,-290.9,LOSS,max_loss,0.000,0.00,0.91,ranging,NY Early
1000309,2026-01-28 11:30:00,2026-01-28 12:30:00,BUY,5266.88,5274.49,7.61,76.1,WIN,fuzzy_exit,1.000,0.00,15.21,ranging,London (Prime)
1000310,2026-01-28 23:30:00,2026-01-29 01:00:00,SELL,5386.34,5474.64,-88.30,-883.0,LOSS,max_loss,0.000,0.00,0.00,ranging,Sydney-Tokyo (TEST MODE)
1000311,2026-01-29 06:00:00,2026-01-29 07:15:00,BUY,5534.42,5541.79,7.37,73.7,WIN,fuzzy_exit,1.000,0.00,25.02,ranging,Tokyo-London Transition
1000312,2026-01-29 09:15:00,2026-01-29 10:30:00,BUY,5541.25,5481.79,-59.46,-594.6,LOSS,max_loss,0.000,0.00,7.83,ranging,London (Prime)
1000313,2026-01-30 08:15:00,2026-01-30 10:30:00,BUY,5157.18,5095.81,-61.37,-613.7,LOSS,max_loss,0.000,0.00,23.52,ranging,London (Prime)
1000314,2026-02-02 01:45:00,2026-02-02 02:30:00,BUY,4740.43,4804.18,63.75,637.5,WIN,fuzzy_exit,1.000,0.00,105.84,ranging,Sydney-Tokyo (TEST MODE)
1000315,2026-02-02 05:45:00,2026-02-02 07:00:00,BUY,4646.53,4661.35,14.82,148.2,WIN,fuzzy_exit,1.000,0.00,41.68,ranging,Tokyo-London Transition
1000316,2026-02-02 15:00:00,2026-02-02 16:30:00,SELL,4782.97,4753.3,29.67,296.7,WIN,fuzzy_exit,1.000,0.00,97.44,ranging,Late NY (TEST MODE)
1000317,2026-02-02 20:45:00,2026-02-02 21:30:00,SELL,4657.63,4694.21,-36.58,-365.8,LOSS,max_loss,0.000,0.00,14.03,ranging,Sydney-Tokyo (TEST MODE)
1000318,2026-02-03 04:15:00,2026-02-03 08:30:00,BUY,4772.81,4890.981394851256,118.17,1181.7,WIN,take_profit,0.000,0.00,118.17,ranging,Tokyo-London Transition
1000319,2026-02-03 11:15:00,2026-02-03 12:45:00,BUY,4891.36,4902.17,10.81,108.1,WIN,fuzzy_exit,1.000,0.00,31.34,ranging,London (Prime)
1000320,2026-02-03 14:15:00,2026-02-03 16:30:00,BUY,4902.44,4918.21,15.77,157.7,WIN,fuzzy_exit,1.000,0.00,39.06,ranging,NY Early
1000321,2026-02-03 17:45:00,2026-02-03 18:45:00,BUY,4935.17,4955.64,20.47,204.7,WIN,fuzzy_exit,1.000,0.00,45.53,ranging,Sydney-Tokyo (TEST MODE)
1000322,2026-02-03 20:15:00,2026-02-03 21:45:00,BUY,4908.74,4926.99,18.25,182.5,WIN,fuzzy_exit,1.000,0.00,31.58,ranging,Sydney-Tokyo (TEST MODE)
1000323,2026-02-04 01:00:00,2026-02-04 03:00:00,BUY,4932.64,5017.216020163927,84.58,845.8,WIN,take_profit,0.000,0.00,84.58,ranging,Sydney-Tokyo (TEST MODE)
1000324,2026-02-04 18:30:00,2026-02-04 19:30:00,BUY,4896.77,4907.66,10.89,108.9,WIN,fuzzy_exit,1.000,0.00,24.46,ranging,Sydney-Tokyo (TEST MODE)
1000325,2026-02-04 22:15:00,2026-02-05 01:15:00,BUY,4922.61,5011.808411176729,89.20,892.0,WIN,take_profit,0.000,0.00,89.20,ranging,Sydney-Tokyo (TEST MODE)
1000326,2026-02-05 04:00:00,2026-02-05 04:45:00,BUY,4915.62,4812.97,-102.65,-1026.5,LOSS,max_loss,0.000,0.00,21.00,ranging,Tokyo-London Transition
1000327,2026-02-05 07:00:00,2026-02-05 10:45:00,BUY,4852.54,4911.91,59.37,593.7,WIN,fuzzy_exit,1.000,109.87,88.18,ranging,London (Prime)
1000328,2026-02-05 12:15:00,2026-02-05 13:30:00,BUY,4861.48,4871.9,10.42,104.2,WIN,fuzzy_exit,1.000,0.00,30.45,ranging,London (Prime)
1000329,2026-02-06 09:00:00,2026-02-06 10:30:00,BUY,4849.01,4859.97,10.96,109.6,WIN,fuzzy_exit,1.000,0.00,18.25,ranging,London (Prime)
1000330,2026-02-06 11:45:00,2026-02-06 14:15:00,BUY,4866.49,4877.36,10.87,108.7,WIN,fuzzy_exit,1.000,0.00,29.13,ranging,London (Prime)
1000331,2026-02-06 21:30:00,2026-02-06 22:00:00,BUY,4951.98,4953.06,1.08,10.8,WIN,fuzzy_exit,0.800,0.00,5.02,ranging,Sydney-Tokyo (TEST MODE)
1000332,2026-02-09 03:00:00,2026-02-09 04:00:00,SELL,5018.4,4997.01,21.39,213.9,WIN,fuzzy_exit,1.000,0.00,36.01,ranging,Tokyo-London Transition
1000333,2026-02-09 05:45:00,2026-02-09 08:15:00,BUY,5015.95,5024.74,8.79,87.9,WIN,fuzzy_exit,1.000,0.00,20.90,ranging,Tokyo-London Transition
1000334,2026-02-09 09:45:00,2026-02-09 11:30:00,BUY,5006.22,5014.62,8.40,84.0,WIN,fuzzy_exit,1.000,0.00,23.22,ranging,London (Prime)
1000335,2026-02-09 12:45:00,2026-02-09 15:15:00,BUY,4990.98,5004.24,13.26,132.6,WIN,fuzzy_exit,1.000,0.00,30.77,ranging,London (Prime)
1000336,2026-02-09 20:15:00,2026-02-09 23:00:00,BUY,5054.18,5063.23,9.05,90.5,WIN,fuzzy_exit,1.000,33.60,26.10,ranging,Sydney-Tokyo (TEST MODE)
1000337,2026-02-10 01:45:00,2026-02-10 02:15:00,BUY,5031.44,5033.52,2.08,20.8,WIN,fuzzy_exit,0.800,0.00,3.32,ranging,Sydney-Tokyo (TEST MODE)
